{
    "sceneName": "sandbox.json",
    "selectedEntity": 2,
    "selectedLight": 0,
    "camera": {
        "position": {
            "x": 2.6535775661468508,
            "y": 99.4190673828125,
            "z": -305.386962890625
        },
        "orientation": {
            "x": 0.09635058045387268,
            "y": -0.0018167210510000587,
            "z": 0.0023142804857343437,
            "w": 0.9955126047134399
        },
        "up": {
            "x": -0.004957874771207571,
            "y": 0.9814224243164063,
            "z": 0.19182802736759187
        }
    }
}